hos_id,ëŒâûÉJÉeÉSÉäî‘çÜ
1080,2000î‘ë‰
1430,5000î‘ë‰
1990,3000î‘ë‰
2030,4000î‘ë‰
2031,3000î‘ë‰
2032,3000î‘ë‰
2033,3000î‘ë‰
2080,4000î‘ë‰
3010,1000î‘ë‰
3050,1000î‘ë‰
3040,1000î‘ë‰
3030,1000î‘ë‰
3031,1000î‘ë‰
3060,4000î‘ë‰
2031,4000î‘ë‰
2032,4000î‘ë‰
2033,4000î‘ë‰
2034,4000î‘ë‰
2035,4000î‘ë‰
2039,4000î‘ë‰
2024,4000î‘ë‰
2025,4000î‘ë‰
2026,4000î‘ë‰
2027,4000î‘ë‰
2028,4000î‘ë‰
2029,4000î‘ë‰
2038,4000î‘ë‰
2036,4000î‘ë‰
2037,4000î‘ë‰
2041,4000î‘ë‰
2042,4000î‘ë‰
2043,4000î‘ë‰
2044,4000î‘ë‰
2045,4000î‘ë‰
2046,4000î‘ë‰
2047,4000î‘ë‰
1999,3000î‘ë‰
1980,3000î‘ë‰
1992,3000î‘ë‰
1981,3000î‘ë‰
1993,3000î‘ë‰
1982,3000î‘ë‰
