アカウント識別子,定期登録日時,定期解約日時
Q5O5555555QLJ44TP4G055P4,2019/6/20 14:05,
Q5O5555555QLJ44TP4G055P4,2019/6/20 14:05,2019/6/27 4:05
Q5O5555555QLJ44TP4G055P4,2019/7/3 13:05,2019/7/6 11:22
Q5O5555555QLJ44TP4G055P4,2019/7/10 14:19,
TT04JTGQ55LGGTQTP4OQ5TP0,2019/6/23 9:31,
TT04JTGQ55LGGTQTP4OQ5TP0,2019/6/23 9:31,2019/6/28 2:41
4J0OQOJ45ONQJ5TTP4Q45TP5,2019/6/23 11:42,
4J0OQOJ45ONQJ5TTP4Q45TP5,2019/6/23 11:42,2019/7/2 23:32
4J0OQOJ45ONQJ5TTP4Q45TP5,2019/7/3 0:37,
4J0OQOJ45ONQJ5TTP4Q45TP5,2019/7/3 0:37,
4J0OQOJ45ONQJ5TTP4Q45TP5,2019/7/3 0:37,
4JLLJTNQ5T0G0TQTP4O05TPJ,2019/6/25 7:10,
4JLLJTNQ5T0G0TQTP4O05TPJ,2019/6/25 7:10,2019/6/27 7:19
4JLLJTNQ5T0G0TQTP4O05TPJ,2019/6/28 7:30,2019/7/5 3:22
4JLLJTNQ5T0G0TQTP4O05TPJ,2019/7/5 6:15,
4T05GGQ55NOJNTTTP4N45TPN,,
45NG5GJO5N50TTLTP45N55PQ,2019/6/24 4:51,
45NG5GJO5N50TTLTP45N55PQ,2019/6/24 4:51,
45NG5GJO5N50TTLTP45N55PQ,2019/6/24 4:51,
45NG5GJO5N50TTLTP45N55PQ,2019/6/24 4:51,
45NG5GJO5N50TTLTP45N55PQ,2019/6/24 4:51,
45NG5GJO5N50TTLTP45N55PQ,2019/6/24 4:51,
45NG5GJO5N50TTLTP45N55PQ,2019/6/24 4:51,
45NG5GJO5N50TTLTP45N55PQ,2019/6/24 4:51,
45NG5GJO5N50TTLTP45N55PQ,2019/6/24 4:51,
45NG5GJO5N50TTLTP45N55PQ,2019/6/24 4:51,
45NG5GJO5N50TTLTP45N55PQ,2019/6/24 4:51,
45NG5GJO5N50TTLTP45N55PQ,2019/6/24 4:51,
45NG5GJO5N50TTLTP45N55PQ,2019/6/24 4:51,
45NG5GJO5N50TTLTP45N55PQ,2019/6/24 4:51,
45NG5GJO5N50TTLTP45N55PQ,2019/6/24 4:51,
45NG5GJO5N50TTLTP45N55PQ,2019/6/24 4:51,
45NG5GJO5N50TTLTP45N55PQ,2019/6/24 4:51,
45NG5GJO5N50TTLTP45N55PQ,2019/6/24 4:51,
45NG5GJO5N50TTLTP45N55PQ,2019/6/24 4:51,
45NG5GJO5N50TTLTP45N55PQ,2019/6/24 4:51,
45NG5GJO5N50TTLTP45N55PQ,2019/6/24 4:51,
45NG5GJO5N50TTLTP45N55PQ,2019/6/24 4:51,
45NG5GJO5N50TTLTP45N55PQ,2019/6/24 4:51,
45NG5GJO5N50TTLTP45N55PQ,2019/6/24 4:51,
45NG5GJO5N50TTLTP45N55PQ,2019/6/24 4:51,
45NG5GJO5N50TTLTP45N55PQ,2019/6/24 4:51,
45NG5GJO5N50TTLTP45N55PQ,2019/6/24 4:51,
45NG5GJO5N50TTLTP45N55PQ,2019/6/24 4:51,
45NG5GJO5N50TTLTP45N55PQ,2019/6/24 4:51,
45NG5GJO5N50TTLTP45N55PQ,2019/6/24 4:51,
45NG5GJO5N50TTLTP45N55PQ,2019/6/24 4:51,
45NG5GJO5N50TTLTP45N55PQ,2019/6/24 4:51,
45NG5GJO5N50TTLTP45N55PQ,2019/6/24 4:51,
45NG5GJO5N50TTLTP45N55PQ,2019/6/24 4:51,
45NG5GJO5N50TTLTP45N55PQ,2019/6/24 4:51,
45NG5GJO5N50TTLTP45N55PQ,2019/6/24 4:51,
45NG5GJO5N50TTLTP45N55PQ,2019/6/24 4:51,
45NG5GJO5N50TTLTP45N55PQ,2019/6/24 4:51,
45NG5GJO5N50TTLTP45N55PQ,2019/6/24 4:51,
45NG5GJO5N50TTLTP45N55PQ,2019/6/24 4:51,
45NG5GJO5N50TTLTP45N55PQ,2019/6/24 4:51,
45NG5GJO5N50TTLTP45N55PQ,2019/6/24 4:51,
45NG5GJO5N50TTLTP45N55PQ,2019/6/24 4:51,
45NG5GJO5N50TTLTP45N55PQ,2019/6/24 4:51,
45NG5GJO5N50TTLTP45N55PQ,2019/6/24 4:51,
45NG5GJO5N50TTLTP45N55PQ,2019/6/24 4:51,
45NG5GJO5N50TTLTP45N55PQ,2019/6/24 4:51,
45NG5GJO5N50TTLTP45N55PQ,2019/6/24 4:51,
45NG5GJO5N50TTLTP45N55PQ,2019/6/24 4:51,
45NG5GJO5N50TTLTP45N55PQ,2019/6/24 4:51,
45NG5GJO5N50TTLTP45N55PQ,2019/6/24 4:51,
45NG5GJO5N50TTLTP45N55PQ,2019/6/24 4:51,
45NG5GJO5N50TTLTP45N55PQ,2019/6/24 4:51,
45NG5GJO5N50TTLTP45N55PQ,2019/6/24 4:51,
45NG5GJO5N50TTLTP45N55PQ,2019/6/24 4:51,
45NG5GJO5N50TTLTP45N55PQ,2019/6/24 4:51,
45NG5GJO5N50TTLTP45N55PQ,2019/6/24 4:51,
45NG5GJO5N50TTLTP45N55PQ,2019/6/24 4:51,
45NG5GJO5N50TTLTP45N55PQ,2019/6/24 4:51,
45NG5GJO5N50TTLTP45N55PQ,2019/6/24 4:51,
45NG5GJO5N50TTLTP45N55PQ,2019/6/24 4:51,
45NG5GJO5N50TTLTP45N55PQ,2019/6/24 4:51,
45NG5GJO5N50TTLTP45N55PQ,2019/6/24 4:51,
45NG5GJO5N50TTLTP45N55PQ,2019/6/24 4:51,
45NG5GJO5N50TTLTP45N55PQ,2019/6/24 4:51,
45NG5GJO5N50TTLTP45N55PQ,2019/6/24 4:51,
45NG5GJO5N50TTLTP45N55PQ,2019/6/24 4:51,
45NG5GJO5N50TTLTP45N55PQ,2019/6/24 4:51,
45NG5GJO5N50TTLTP45N55PQ,2019/6/24 4:51,
45NG5GJO5N50TTLTP45N55PQ,2019/6/24 4:51,
45NG5GJO5N50TTLTP45N55PQ,2019/6/24 4:51,
45NG5GJO5N50TTLTP45N55PQ,2019/6/24 4:51,
45NG5GJO5N50TTLTP45N55PQ,2019/6/24 4:51,
45NG5GJO5N50TTLTP45N55PQ,2019/6/24 4:51,
45NG5GJO5N50TTLTP45N55PQ,2019/6/24 4:51,
45NG5GJO5N50TTLTP45N55PQ,2019/6/24 4:51,
45NG5GJO5N50TTLTP45N55PQ,2019/6/24 4:51,
45NG5GJO5N50TTLTP45N55PQ,2019/6/24 4:51,
45NG5GJO5N50TTLTP45N55PQ,2019/6/24 4:51,
45NG5GJO5N50TTLTP45N55PQ,2019/6/24 4:51,
45NG5GJO5N50TTLTP45N55PQ,2019/6/24 4:51,
45NG5GJO5N50TTLTP45N55PQ,2019/6/24 4:51,
45NG5GJO5N50TTLTP45N55PQ,2019/6/24 4:51,